ID,Name,Glottocode,Glottolog_Name,ISO639P3code,Macroarea,Latitude,Longitude,Family,author,url,typedby,checkedby,notes,source
5,Bantik,bant1286,Bantik,bnq,Papunesia,1.44586,124.846,Austronesian,L. Theddon,https://abvd.eva.mpg.de/austronesian/language.php?id=5,Peng Du,Simon Greenhill,,Theddon-5-2005
12,Gorontalo (Hulondalo),goro1259,Gorontalo,gor,Papunesia,0.62689,122.288,Austronesian,Hamzah Machmoed,https://abvd.eva.mpg.de/austronesian/language.php?id=12,Simon Greenhill,Simon Greenhill,,Machmoed-12-2005
13,Hanunóo,hanu1241,Hanunoo,hnn,Papunesia,12.4159,121.221,Austronesian,"Blust, from: Conklin (1953)",https://abvd.eva.mpg.de/austronesian/language.php?id=13,Simon Greenhill,Simon Greenhill,"Conklin, H. (1953). Hanunóo-English Vocabulary. University of California Publications in Linguistics, Volume 9.University of California Press: Berkeley.",146364
29,Kaidipang,kaid1239,Kaidipang,kzp,Papunesia,0.85641,123.217,Austronesian,Hunggu Tadjuddin Usup,https://abvd.eva.mpg.de/austronesian/language.php?id=29,Peng Du,Simon Greenhill,"Hunggu Tadjuddin Usup et al (1999). Kamus bahasa Indonesia-Kaidipang. Jakarta : Pusat Pembinaan dan Pengembangan Bahasa, Departemen Pendidikan dan Kebudayaan.",Usup-29-2005
31,Kakiduge:n Ilongot,ilon1239,Ilongot,ilk,Papunesia,16.3785,121.547,Austronesian,Reid (1971),https://abvd.eva.mpg.de/austronesian/language.php?id=31,Peng Du,Simon Greenhill,"Reid, Lawrence A. (ed.) (1971). Philippine Minor Languages: word lists and phonologies. (Oceanic Linguistics special publication, 8). Honolulu: University of Hawai'i Press.",136553
33,Kapampangan,pamp1243,Pampanga,pam,Papunesia,14.9603,120.502,Austronesian,"Blust from: Forman (1971), McFarland 1977",https://abvd.eva.mpg.de/austronesian/language.php?id=33,Simon Greenhill,Simon Greenhill,"Forman, M.L. (1971) A Kapampangan dictionary. Honolulu: University of Hawaii Press.

McFarland, C.D. (1977) Northern Philippine linguistic geography. Study of Languages Cultures of Asia and Africa Monograph Series, no. 9. Tokyo: Institute for the Study of Languages and Cultures of Asia and Africa.",forman1971a;h-McFarland-Northern-Philippine
36,"Bontok, Guina-ang",guin1256,Guinaang Bontoc,lbk,Papunesia,,,Austronesian,Lawrence A. Reid,https://abvd.eva.mpg.de/austronesian/language.php?id=36,Penny Keenan,Simon Greenhill,,136553
43,Aklanon - Bisayan,akla1241,Kailibo Aklanon,akl,Papunesia,11.5543,122.354,Austronesian,Dave Zorc,https://abvd.eva.mpg.de/austronesian/language.php?id=43,Penny Keenan,Simon Greenhill,,Zorc-43-2005
47,Bikol (Naga City),cent2087,Coastal-Naga Bikol,bcl,Papunesia,13.7574,123.403,Austronesian,Amy V. Daniega,https://abvd.eva.mpg.de/austronesian/language.php?id=47,Simon Greenhill,Simon Greenhill,,Daniega-47-2005
86,Maranao,mara1404,Maranao,mrw,Papunesia,7.79414,124.175,Austronesian,McKaughan & Macaraya (1967),https://abvd.eva.mpg.de/austronesian/language.php?id=86,Simon Greenhill,Simon Greenhill,"McKaughan, H.P. & Macaraya, B.A. (1967). A Maranao dictionary. Honolulu: University of Hawaii Press.",142538
133,Tboli (Tagabili),tbol1240,Tboli,tbl,Papunesia,6.20377,124.538,Austronesian,Lawrence A. Reid,https://abvd.eva.mpg.de/austronesian/language.php?id=133,Debasish Roy,Simon Greenhill,"Some forms modified by reference to Tboli-English Dictionary, Awed, Underwood, van Wynen. SIL. 2004",136553
137,Tontemboan,tont1239,Tontemboan,tnt,Papunesia,1.24813,124.654,Austronesian,NY. J. A. Karisoh,https://abvd.eva.mpg.de/austronesian/language.php?id=137,Penny Keenan,Simon Greenhill,"/?/ melambangkan pepet, /?/ melambangkan nasal ng",Karisoh-137-2005
138,Tsou T63,tsou1248,Tsou,tsu,Papunesia,23.216,120.787,Austronesian,"Blust, from: Tung (1963)",https://abvd.eva.mpg.de/austronesian/language.php?id=138,Peng Du,Simon Greenhill,Tung T'ung-ho (1963). A descriptive study of the Tsou language. Taipei: Academia Sinica Special Publications No. 48.,61369
144,Western Bukidnon Manobo,west2555,Western Bukidnon Manobo,mbb,Papunesia,7.6682,124.825,Austronesian,Lawrence A. Reid,https://abvd.eva.mpg.de/austronesian/language.php?id=144,Peng Du,Simon Greenhill,,136553
153,Cebuano,cebu1242,Cebuano,ceb,Papunesia,8.38799,124.367,Austronesian,Gemma Losbaños & Hermelito Go,https://abvd.eva.mpg.de/austronesian/language.php?id=153,Peng Du,Simon Greenhill,"Corrections 04/12/2004 By Hermelito Go on multiple items. More corrections 02/04/2006 by Piers Kelly.

Note that Spanish forms for numerals are in common use.",Go-153-2005
157,Itbayaten,ivat1242,Itbayat,ivv,Papunesia,20.77,121.85,Austronesian,Lawrence A. Reid,https://abvd.eva.mpg.de/austronesian/language.php?id=157,Debasish Roy,Simon Greenhill,,136553
177,Paiwan (Kulalao F82),paiw1248,Paiwan,pwn,Papunesia,22.3271,120.806,Austronesian,Ferrell (1982),https://abvd.eva.mpg.de/austronesian/language.php?id=177,Peng Du,Simon Greenhill,"Ferrell, R. (1982). Paiwan dictionary. Canberra: Pacific linguistics.

(Compiled from the Kulalao (Kuɬaɬau) dialect)",86263
183,Sangir,sang1336,Sangir,sxn,Papunesia,3.0,125.5,Austronesian,"Blust, from: Steller & Aebersold (1959)",https://abvd.eva.mpg.de/austronesian/language.php?id=183,Debasish Roy,Simon Greenhill,"Steller, K.G.F., & Aebersold, W.E. (1959). Sangiree-Nederrlands Woordernboek Met Nederlands-Sangirees Register. s-Gravenhage: The Netherlands",127733
193,Hiligaynon,hili1240,Hiligaynon,hil,Papunesia,10.4018,122.974,Austronesian,Jamaica Salcedo,https://abvd.eva.mpg.de/austronesian/language.php?id=193,Jamaica Salcedo,,,Salcedo-193-2005
202,"Bunun F69, Southern",bunu1267,Bunun,bnn,Papunesia,23.4116,121.025,Austronesian,Ferrell (1969),https://abvd.eva.mpg.de/austronesian/language.php?id=202,Simon Greenhill,Simon Greenhill,"Ferrell, R.(1969). Taiwan Aboriginal Groups: Problems in cultural and linguistic classification. Monograph 17: Institute of Ethnology, Academica Sinica",Ferrell69
203,Kanakanabu F69,kana1286,Kanakanavu,xnb,Papunesia,23.3235,120.887,Austronesian,Ferrell (1969),https://abvd.eva.mpg.de/austronesian/language.php?id=203,Simon Greenhill,Simon Greenhill,"Ferrell, R. (1969). Taiwan Aboriginal Groups: Problems in cultural and linguistic classification. Monograph 17: Institute of Ethnology, Academica Sinica.",Ferrell69
240,Bolaang Mongondow,mong1342,Mongondow,mog,Papunesia,0.64616,124.114,Austronesian,"Blust, from: Dunnebier (1765)",https://abvd.eva.mpg.de/austronesian/language.php?id=240,Simon Greenhill,Simon Greenhill,"Dunnebier, W. (1765/1951). Bolaang Mongodowsch-Nederlandsch woordenboek. Met Nederlandsch-Bolaang Mongodowsch register. Den Haag: Nijhoff, 1951.",163707
241,Thao B96,thao1240,Thao,ssf,Papunesia,23.8333,120.93,Austronesian,Blust,https://abvd.eva.mpg.de/austronesian/language.php?id=241,Simon Greenhill,Simon Greenhill,"From Blust, R . (1996), Some remarks on the linguistic position of Thao. Oceanic Linguistics, 35(2):272-294",180926
248,Iraralay,ivat1242,Itbayat,ivv,Papunesia,20.77,121.85,Austronesian,Tsuchida et al. (1987),https://abvd.eva.mpg.de/austronesian/language.php?id=248,Simon Greenhill,Simon Greenhill,"Tsuchida, S., Yamada, Y., & Moriguchi, T. (1987). Lists of Selected Words of Batanic Languages. Department of Linguistics, Faculty of Letters, University of Tokyo",46500
249,Itbayat,ivat1242,Itbayat,ivv,Papunesia,20.77,121.85,Austronesian,Tsuchida et al. (1987),https://abvd.eva.mpg.de/austronesian/language.php?id=249,Simon Greenhill,Simon Greenhill,"Tsuchida, S., Yamada, Y., & Moriguchi, T. (1987). Lists of Selected Words of Batanic Languages. Department of Linguistics, Faculty of Letters, University of Tokyo",46500
250,Imorod,ivat1242,Itbayat,ivv,Papunesia,20.77,121.85,Austronesian,Tsuchida et al. (1987),https://abvd.eva.mpg.de/austronesian/language.php?id=250,Simon Greenhill,Simon Greenhill,"Tsuchida, S., Yamada, Y., & Moriguchi, T. (1987). Lists of Selected Words of Batanic Languages. Department of Linguistics, Faculty of Letters, University of Tokyo",46500
251,Ivasay,ivat1242,Itbayat,ivv,Papunesia,20.77,121.85,Austronesian,Tsuchida et al. (1987),https://abvd.eva.mpg.de/austronesian/language.php?id=251,Simon Greenhill,Simon Greenhill,"Tsuchida, S., Yamada, Y., & Moriguchi, T. (1987). Lists of Selected Words of Batanic Languages. Department of Linguistics, Faculty of Letters, University of Tokyo",46500
252,Isamorong,ivat1242,Itbayat,ivv,Papunesia,20.77,121.85,Austronesian,Tsuchida et al. (1987),https://abvd.eva.mpg.de/austronesian/language.php?id=252,Simon Greenhill,Simon Greenhill,"Tsuchida, S., Yamada, Y., & Moriguchi, T. (1987). Lists of Selected Words of Batanic Languages. Department of Linguistics, Faculty of Letters, University of Tokyo",46500
254,Yami,yami1254,Yami,tao,Papunesia,22.055,121.544,Austronesian,Ferrell (1969),https://abvd.eva.mpg.de/austronesian/language.php?id=254,Simon Greenhill,Simon Greenhill,"Ferrell, R.(1969). Taiwan Aboriginal Groups: Problems in cultural and linguistic classification. Monograph 17: Institute of Ethnology, Academica Sinica",Ferrell69
255,Atayal - Squliq F69,atay1247,Atayal,tay,Papunesia,24.5209,121.388,Austronesian,Ferrell (1969),https://abvd.eva.mpg.de/austronesian/language.php?id=255,Simon Greenhill,Simon Greenhill,"Ferrell, R.(1969). Taiwan Aboriginal Groups: Problems in cultural and linguistic classification. Monograph 17: Institute of Ethnology, Academica Sinica",Ferrell69
256,Atayal - C'uli' F69 (Bandai),atay1247,Atayal,tay,Papunesia,24.5209,121.388,Austronesian,Ferrell (1969),https://abvd.eva.mpg.de/austronesian/language.php?id=256,Simon Greenhill,Simon Greenhill,"Ferrell, R.(1969). Taiwan Aboriginal Groups: Problems in cultural and linguistic classification. Monograph 17: Institute of Ethnology, Academica Sinica",Ferrell69
260,Kavalan F69,kava1241,Kavalan,ckv,Papunesia,24.6947,121.645,Austronesian,Ferrell (1969),https://abvd.eva.mpg.de/austronesian/language.php?id=260,Simon Greenhill,Simon Greenhill,"Ferrell, R.(1969). Taiwan Aboriginal Groups: Problems in cultural and linguistic classification. Monograph 17: Institute of Ethnology, Academica Sinica",Ferrell69
265,Palawan Batak,bata1301,Batak,plw,Papunesia,10.1115,119.025,Austronesian,Lawrence A. Reid,https://abvd.eva.mpg.de/austronesian/language.php?id=265,Debasish Roy,Simon Greenhill,,136553
266,Pazih F69,kulo1237,Pazeh-Kahabu,uun,Papunesia,23.7562,120.976,Austronesian,Ferrell (1969),https://abvd.eva.mpg.de/austronesian/language.php?id=266,Simon Greenhill,Simon Greenhill,"Ferrell, R.(1969). Taiwan Aboriginal Groups: Problems in cultural and linguistic classification. Monograph 17: Institute of Ethnology, Academica Sinica",Ferrell69
271,Puyuma (Chihpen F69),puyu1239,Puyuma,pyu,Papunesia,22.643,120.996,Austronesian,Ferrell (1969),https://abvd.eva.mpg.de/austronesian/language.php?id=271,Simon Greenhill,Simon Greenhill,"Ferrell, R.(1969). Taiwan Aboriginal Groups: Problems in cultural and linguistic classification. Monograph 17: Institute of Ethnology, Academica Sinica",Ferrell69
272,Rukai (Budai F69),ruka1240,Rukai,dru,Papunesia,22.7738,120.844,Austronesian,Ferrell (1969),https://abvd.eva.mpg.de/austronesian/language.php?id=272,Simon Greenhill,Simon Greenhill,"Ferrell, R.(1969). Taiwan Aboriginal Groups: Problems in cultural and linguistic classification. Monograph 17: Institute of Ethnology, Academica Sinica",Ferrell69
273,Saaroa F69,saar1237,Saaroa,sxr,Papunesia,23.2632,120.711,Austronesian,Ferrell (1969),https://abvd.eva.mpg.de/austronesian/language.php?id=273,Simon Greenhill,Simon Greenhill,"Ferrell, R.(1969). Taiwan Aboriginal Groups: Problems in cultural and linguistic classification. Monograph 17: Institute of Ethnology, Academica Sinica",Ferrell69
274,Saisiyat F69,sais1237,Saisiyat,xsy,Papunesia,24.6043,121.067,Austronesian,Ferrell (1969),https://abvd.eva.mpg.de/austronesian/language.php?id=274,Simon Greenhill,Simon Greenhill,"Ferrell, R.(1969). Taiwan Aboriginal Groups: Problems in cultural and linguistic classification. Monograph 17: Institute of Ethnology, Academica Sinica",Ferrell69
275,Seediq F69 (Sakura),taro1264,Seediq,trv,Papunesia,23.9032,121.358,Austronesian,Ferrell (1969),https://abvd.eva.mpg.de/austronesian/language.php?id=275,Simon Greenhill,Simon Greenhill,"Ferrell, R.(1969). Taiwan Aboriginal Groups: Problems in cultural and linguistic classification. Monograph 17: Institute of Ethnology, Academica Sinica",Ferrell69
277,Tagalog,taga1270,Tagalog,tgl,Papunesia,14.06,121.747,Austronesian,Ted Llamzon,https://abvd.eva.mpg.de/austronesian/language.php?id=277,Penny Keenan,Simon Greenhill,,Llamzon-277-2005
279,Ibanag,iban1267,Ibanag,ibg,Papunesia,17.4201,121.891,Austronesian,Telan Family,https://abvd.eva.mpg.de/austronesian/language.php?id=279,Simon Greenhill,Simon Greenhill,AKA Ybanag,Family-279-2005
288,Ilokano,ilok1237,Iloko,ilo,Papunesia,15.9361,120.993,Austronesian,Blust,https://abvd.eva.mpg.de/austronesian/language.php?id=288,Simon Greenhill,Simon Greenhill,,Blust-288-2005
289,Babuyan,babu1242,Babuyan,ivv,Papunesia,19.48,121.96,Austronesian,Tsuchida et al. (1987),https://abvd.eva.mpg.de/austronesian/language.php?id=289,Simon Greenhill,Simon Greenhill,"Tsuchida, S., Yamada, Y., & Moriguchi, T. (1987). Lists of Selected Words of Batanic Languages. Department of Linguistics, Faculty of Letters, University of Tokyo",46500
291,Koronadal Blaan,koro1310,Koronadal Blaan,bpr,Papunesia,6.20529,125.007,Austronesian,"Savage, T.D. (1986)",https://abvd.eva.mpg.de/austronesian/language.php?id=291,Simon Greenhill,Simon Greenhill,"Savage, T.D (1986). A reconstruction of Proto-Southern Mandanaon. Studies in Philippine Linguistics, 6(2), 181-223.",14536
293,Sarangani Blaan,sara1326,Sarangani Blaan,bps,Papunesia,6.03691,125.354,Austronesian,"Savage, T.D. (1986)",https://abvd.eva.mpg.de/austronesian/language.php?id=293,Simon Greenhill,Simon Greenhill,"Savage, T.D (1986). A reconstruction of Proto-Southern Mandanaon. Studies in Philippine Linguistics, 6(2), 181-223.",14536
335,Yami,yami1254,Yami,tao,Papunesia,22.055,121.544,Austronesian,D. Victoria Rau,https://abvd.eva.mpg.de/austronesian/language.php?id=335,D. Rau,D. Rau,,Rau-335-2005
350,Amis (Central),amis1246,Amis,ami,Papunesia,23.0917,121.348,Austronesian,"R. Blust, Dorinda Liu",https://abvd.eva.mpg.de/austronesian/language.php?id=350,Robert Blust and Dorinda Liu,,[o] and [u] are allophonic variations in Amis.,Liu-350-2005
369,Basay TsYM91,basa1287,Basay,byq,Papunesia,25.0046,121.857,Austronesian,Laurent Sagart,https://abvd.eva.mpg.de/austronesian/language.php?id=369,Russell Gray,,"Data from: Tsuchida, S. Yamada, Y. and Moriguchi, T (1991) Linguistic materials of the Formosan sinicized populations I: Siraya and Basai, Tokyo: The University of Tokyo, Linguistics Department.",307779
389,Tagalog,taga1270,Tagalog,tgl,Papunesia,14.06,121.747,Austronesian,My knowledge in Tagalog,https://abvd.eva.mpg.de/austronesian/language.php?id=389,Jose Luna,,True Tagalog speaker,Luna-389-2006
405,Pangasinan,pang1290,Pangasinan,pag,Papunesia,15.9377,120.365,Austronesian,Emerich Daroya,https://abvd.eva.mpg.de/austronesian/language.php?id=405,Emerich Daroya,,,Daroya-405-2006
408,Tagalog (Anthony dela Paz),taga1270,Tagalog,tgl,Papunesia,14.06,121.747,Austronesian,Anthony dela Paz,https://abvd.eva.mpg.de/austronesian/language.php?id=408,Anthony Dela Paz,,I am a Filipino and a native speaker of Tagalog.,Paz-408-2006
409,Agta,cent2084,Central Cagayan Agta,agt,Papunesia,17.9571,121.857,Austronesian,R. Mayfield in Reid (1971),https://abvd.eva.mpg.de/austronesian/language.php?id=409,Janet Moody,,"Reid, L.A. (1971). Philippine Minor Languages: Word Lists and Phonologies. Oceanic  Linguistics Special Publication no. 8. University of Hawaii Press.",136553
410,"Atta, Pamplona",pamp1244,Pamplona Atta,att,Papunesia,18.4738,121.3,Austronesian,C. Whittle & R. Lusted in Reid (1971),https://abvd.eva.mpg.de/austronesian/language.php?id=410,Janet Moody,,"Reid, L.A. (1971). Philippine Minor Languages: Word Lists and Phonologies. Oceanic  Linguistics Special Publication no. 8. University of Hawaii Press.",136553
411,Balangaw,bala1310,Balangao,blw,Papunesia,17.0994,121.272,Austronesian,J. Shetler in Reid (1971),https://abvd.eva.mpg.de/austronesian/language.php?id=411,Janet Moody,,"Reid, L.A. (1971). Philippine Minor Languages: Word Lists and Phonologies. Oceanic  Linguistics Special Publication no. 8. University of Hawaii Press.",136553
412,"Batak, Palawan",bata1301,Batak,bya,Papunesia,10.1115,119.025,Austronesian,R. Rodda in Reid (1971),https://abvd.eva.mpg.de/austronesian/language.php?id=412,Janet Moody,,"Reid, L.A. (1971). Philippine Minor Languages: Word Lists and Phonologies. Oceanic  Linguistics Special Publication no. 8. University of Hawaii Press.",136553
413,"Bilaan, Koronadal",koro1310,Koronadal Blaan,bpr,Papunesia,6.20529,125.007,Austronesian,N. Abrams in Reid (1971),https://abvd.eva.mpg.de/austronesian/language.php?id=413,Janet Moody,,"Reid, L.A. (1971). Philippine Minor Languages: Word Lists and Phonologies. Oceanic  Linguistics Special Publication no. 8. University of Hawaii Press.",136553
414,"Bilaan, Sarangani",sara1326,Sarangani Blaan,bps,Papunesia,6.03691,125.354,Austronesian,B. McLachlin & B. Blackburn in Reid (1971),https://abvd.eva.mpg.de/austronesian/language.php?id=414,Janet Moody,,"Reid, L.A. (1971). Philippine Minor Languages: Word Lists and Phonologies. Oceanic Linguistics Special Publication no. 8. University of Hawaii Press.",136553
415,Binukid,binu1244,Talaandig-Binukid,bkd,Papunesia,8.15933,124.892,Austronesian,U. Post in Reid (1971),https://abvd.eva.mpg.de/austronesian/language.php?id=415,Janet Moody,,"Reid, L.A. (1971). Philippine Minor Languages: Word Lists and Phonologies. Oceanic Linguistics Special Publication no. 8. University of Hawaii Press.",136553
416,"Bontok, Guina-ang",guin1256,Guinaang Bontoc,lbk,Papunesia,,,Austronesian,Reid (1971),https://abvd.eva.mpg.de/austronesian/language.php?id=416,Janet Moody,,"Reid, L.A. (1971). Philippine Minor Languages: Word Lists and Phonologies. Oceanic Linguistics Special Publication no. 8. University of Hawaii Press.",136553
417,"Dumagat, Casiguran",casi1235,Casiguran-Nagtipunan Agta,dgc,Papunesia,16.2176,121.878,Austronesian,T.N. Headland in Reid (1971),https://abvd.eva.mpg.de/austronesian/language.php?id=417,Janet Moody,,"Reid, L.A. (1971). Philippine Minor Languages: Word Lists and Phonologies. Oceanic Linguistics Special Publication no. 8. University of Hawaii Press.",136553
418,Gaddang,gadd1244,Gaddang,gad,Papunesia,16.5468,121.177,Austronesian,L. & M. Troyer in Reid (1971),https://abvd.eva.mpg.de/austronesian/language.php?id=418,Janet Moody,,"Reid, L.A. (1971). Philippine Minor Languages: Word Lists and Phonologies. Oceanic Linguistics Special Publication no. 8. University of Hawaii Press.",136553
419,"Ifugao, Amganad",amga1235,Amganad Ifugao,ifa,Papunesia,16.9016,121.042,Austronesian,S. Funnell & A. West in Reid (1971),https://abvd.eva.mpg.de/austronesian/language.php?id=419,Janet Moody,,"Reid, L.A. (1971). Philippine Minor Languages: Word Lists and Phonologies. Oceanic Linguistics Special Publication no. 8. University of Hawaii Press.",136553
420,"Ifugao, Batad",bata1298,Batad Ifugao,ifb,Papunesia,16.8266,121.23,Austronesian,"L.E. Newell, in Reid (1971)",https://abvd.eva.mpg.de/austronesian/language.php?id=420,Janet Moody,,"Reid, L.A. (1971). Philippine Minor Languages: Word Lists and Phonologies. Oceanic Linguistics Special Publication no. 8. University of Hawaii Press.",136553
421,"Ifugao, Bayninan",kele1259,Keley-i Kallahan,ify,Papunesia,16.7099,121.035,Austronesian,H.C. Conklin in Reid (1971),https://abvd.eva.mpg.de/austronesian/language.php?id=421,Janet Moody,,"Reid, L.A. (1971). Philippine Minor Languages: Word Lists and Phonologies. Oceanic Linguistics Special Publication no. 8. University of Hawaii Press.",136553
422,"Ilongot, Kakiduge:n",ilon1239,Ilongot,ilk,Papunesia,16.3785,121.547,Austronesian,M. Rosaldo in Reid (1971),https://abvd.eva.mpg.de/austronesian/language.php?id=422,Janet Moody,,"Reid, L.A. (1971). Philippine Minor Languages: Word Lists and Phonologies. Oceanic Linguistics Special Publication no. 8. University of Hawaii Press.",136553
423,Inibaloi,ibal1244,Ibaloi,ibl,Papunesia,16.4263,120.695,Austronesian,L. Ballard in Reid (1971),https://abvd.eva.mpg.de/austronesian/language.php?id=423,Janet Moody,,,136553
424,"Isneg, Dibagat-Kabugao-Isneg",isna1241,Isnag,isd,Papunesia,18.2139,121.16,Austronesian,G.R. Roe in Reid (1971),https://abvd.eva.mpg.de/austronesian/language.php?id=424,Janet Moody,,"Reid, L.A. (1971). Philippine Minor Languages: Word Lists and Phonologies. Oceanic Linguistics Special Publication no. 8. University of Hawaii Press.",136553
425,Itbayaten,ivat1242,Itbayat,ivv,Papunesia,20.77,121.85,Austronesian,Y. Yamada in Reid (1971),https://abvd.eva.mpg.de/austronesian/language.php?id=425,Janet Moody,,"Reid, L.A. (1971). Philippine Minor Languages: Word Lists and Phonologies. Oceanic Linguistics Special Publication no. 8. University of Hawaii Press.",136553
426,"Itneg, Binongan",bino1237,Binongan Itneg,itb,Papunesia,17.5972,120.876,Austronesian,C. Walton in Reid (1971),https://abvd.eva.mpg.de/austronesian/language.php?id=426,Janet Moody,,"Reid, L.A. (1971). Philippine Minor Languages: Word Lists and Phonologies. Oceanic Linguistics Special Publication no. 8. University of Hawaii Press.",136553
427,"Ivatan, Basco Dialect",ivat1242,Itbayat,ivv,Papunesia,20.77,121.85,Austronesian,"M. Cottle, V. Larson & L. A. Reid in Reid (1971)",https://abvd.eva.mpg.de/austronesian/language.php?id=427,Janet Moody,,"Reid, L.A. (1971). Philippine Minor Languages: Word Lists and Phonologies. Oceanic Linguistics Special Publication no. 8. University of Hawaii Press.",136553
428,Kalagan,kala1388,Kalagan,kqe,Papunesia,6.8126,125.328,Austronesian,D. Murray in Reid (1971),https://abvd.eva.mpg.de/austronesian/language.php?id=428,Janet Moody,,"Reid, L.A. (1971). Philippine Minor Languages: Word Lists and Phonologies. Oceanic Linguistics Special Publication no. 8. University of Hawaii Press.",136553
429,"Kalinga, Guinaang, Lubuagan Dialect",lubu1243,Lubuagan Kalinga,knb,Papunesia,17.3879,121.0365,Austronesian,C.R. Geiser in Reid (1971),https://abvd.eva.mpg.de/austronesian/language.php?id=429,Janet Moody,,"Reid, L.A. (1971). Philippine Minor Languages: Word Lists and Phonologies. Oceanic Linguistics Special Publication no. 8. University of Hawaii Press.",136553
430,"Kallahan, Kayapa Proper",kaya1320,Kayapa Kallahan,kak,Papunesia,16.321,120.9,Austronesian,P.O. Afable in Reid (1971),https://abvd.eva.mpg.de/austronesian/language.php?id=430,Janet Moody,,"Reid, L.A. (1971). Philippine Minor Languages: Word Lists and Phonologies. Oceanic Linguistics Special Publication no. 8. University of Hawaii Press.",136553
431,"Kallahan, Keleyqiq",kele1259,Keley-i Kallahan,ify,Papunesia,16.7099,121.035,Austronesian,R & L. Hohulin in Reid (1971),https://abvd.eva.mpg.de/austronesian/language.php?id=431,Janet Moody,,"Reid, L.A. (1971). Philippine Minor Languages: Word Lists and Phonologies. Oceanic Linguistics Special Publication no. 8. University of Hawaii Press.",136553
432,"Kankanay, Northern",nort2877,Northern Kankanay,xnn,Papunesia,17.1057,120.786,Austronesian,D. Hettick in Reid (1971),https://abvd.eva.mpg.de/austronesian/language.php?id=432,Janet Moody,,"Reid, L.A. (1971). Philippine Minor Languages: Word Lists and Phonologies. Oceanic Linguistics Special Publication no. 8. University of Hawaii Press.",136553
433,Mamanwa,mama1275,Mamanwa,mmn,Papunesia,9.44744,125.548,Austronesian,J. & H. Miller in Reid (1971),https://abvd.eva.mpg.de/austronesian/language.php?id=433,Janet Moody,,"Reid, L.A. (1971). Philippine Minor Languages: Word Lists and Phonologies. Oceanic Linguistics Special Publication no. 8. University of Hawaii Press.",136553
434,"Manobo, Ata (up-river)",atam1240,Ata Manobo,atd,Papunesia,7.7789,125.499,Austronesian,V. Morey & U. Post in Reid (1971),https://abvd.eva.mpg.de/austronesian/language.php?id=434,Janet Moody,,"Reid, L.A. (1971). Philippine Minor Languages: Word Lists and Phonologies. Oceanic Linguistics Special Publication no. 8. University of Hawaii Press.",136553
435,"Manobo, Ata (down-river)",atam1240,Ata Manobo,atd,Papunesia,7.7789,125.499,Austronesian,V. Morey & U. Post in Reid (1971),https://abvd.eva.mpg.de/austronesian/language.php?id=435,,,"Reid, L.A. (1971). Philippine Minor Languages: Word Lists and Phonologies. Oceanic Linguistics Special Publication no. 8. University of Hawaii Press.",136553
436,"Manobo, Dibabawon",diba1242,Dibabawon Manobo,mbd,Papunesia,7.85664,126.018,Austronesian,J. Forster in Reid (1971),https://abvd.eva.mpg.de/austronesian/language.php?id=436,Janet Moody,,"Also known as Mandaya

Reid, L.A. (1971). Philippine Minor Languages: Word Lists and Phonologies. Oceanic Linguistics Special Publication no. 8. University of Hawaii Press.",136553
437,"Manobo, Ilianen (Kibudtungan Dialect)",ilia1236,Ilianen Manobo,mbi,Papunesia,7.34448,124.766,Austronesian,J. Shand & H. Wrigglesworth in Reid (1971),https://abvd.eva.mpg.de/austronesian/language.php?id=437,Janet Moody,,"Reid, L.A. (1971). Philippine Minor Languages: Word Lists and Phonologies. Oceanic Linguistics Special Publication no. 8. University of Hawaii Press.",136553
438,"Manobo, Kalamansig Cotabato (Paril Dialect)",cota1241,Cotabato Manobo,mta,Papunesia,6.39417,124.234,Austronesian,E. C. Johnston in Reid (1971),https://abvd.eva.mpg.de/austronesian/language.php?id=438,Janet Moody,,"Reid, L.A. (1971). Philippine Minor Languages: Word Lists and Phonologies. Oceanic Linguistics Special Publication no. 8. University of Hawaii Press.",136553
439,"Manobo, Sarangani, Kayaponga Dialect",sara1327,Sarangani Manobo,mbs,Papunesia,5.84903,125.499,Austronesian,C. DuBois in Reid (1971),https://abvd.eva.mpg.de/austronesian/language.php?id=439,Janet Moody,,"Reid, L.A. (1971). Philippine Minor Languages: Word Lists and Phonologies. Oceanic Linguistics Special Publication no. 8. University of Hawaii Press.",136553
440,"Manobo, Tigwa, Iglogsad Dialect",mati1250,Matigsalug Manobo,mbt,Papunesia,7.72124,125.16,Austronesian,C. Strong in Reid (1971),https://abvd.eva.mpg.de/austronesian/language.php?id=440,Janet Moody,,"Reid, L.A. (1971). Philippine Minor Languages: Word Lists and Phonologies. Oceanic Linguistics Special Publication no. 8. University of Hawaii Press.",136553
441,"Manobo, Western Bukidnon",west2555,Western Bukidnon Manobo,mbb,Papunesia,7.6682,124.825,Austronesian,R.E.Elkins in Reid (1971),https://abvd.eva.mpg.de/austronesian/language.php?id=441,Janet Moody,,"Reid, L.A. (1971). Philippine Minor Languages: Word Lists and Phonologies. Oceanic Linguistics Special Publication no. 8. University of Hawaii Press.",136553
442,Mansaka,mans1262,Mansaka,msk,Papunesia,6.79221,126.181,Austronesian,G. Svelmoe in Reid (1971),https://abvd.eva.mpg.de/austronesian/language.php?id=442,Janet Moody,,"Reid, L.A. (1971). Philippine Minor Languages: Word Lists and Phonologies. Oceanic Linguistics Special Publication no. 8. University of Hawaii Press.",136553
444,"Sambal, Botolan",boto1242,Botolan Sambal,sbl,Papunesia,15.2315,120.164,Austronesian,C. Huock and H. Minot in Reid (1971),https://abvd.eva.mpg.de/austronesian/language.php?id=444,Janet Moody,,"Reid, L.A. (1971). Philippine Minor Languages: Word Lists and Phonologies. Oceanic Linguistics Special Publication no. 8. University of Hawaii Press.",136553
445,"Sangil, Saragani Islands",sang1337,Sangil,snl,Papunesia,5.40229,125.378,Austronesian,K. Maryott in Reid (1971),https://abvd.eva.mpg.de/austronesian/language.php?id=445,Janet Moody,,"Reid, L.A. (1971). Philippine Minor Languages: Word Lists and Phonologies. Oceanic Linguistics Special Publication no. 8. University of Hawaii Press.",136553
446,"Sangir, Tabukang Dialect",sang1336,Sangir,sxn,Papunesia,3.0,125.5,Austronesian,A. Maryott in Reid (1971),https://abvd.eva.mpg.de/austronesian/language.php?id=446,Janet Moody,,"Reid, L.A. (1971). Philippine Minor Languages: Word Lists and Phonologies. Oceanic Linguistics Special Publication no. 8. University of Hawaii Press.",136553
447,"Subanun, Sindangan",cent2089,Central Subanen,syb,Papunesia,8.12701,123.018,Austronesian,R. Brichoux in Reid (1971),https://abvd.eva.mpg.de/austronesian/language.php?id=447,Janet Moody,,"Reid, L.A. (1971). Philippine Minor Languages: Word Lists and Phonologies. Oceanic Linguistics Special Publication no. 8. University of Hawaii Press.",136553
448,"Subanon, Siocon",west2557,Western Subanon,suc,Papunesia,7.79964,122.341,Austronesian,W. Hall in Reid (1971),https://abvd.eva.mpg.de/austronesian/language.php?id=448,Janet Moody,,"Reid, L.A. (1971). Philippine Minor Languages: Word Lists and Phonologies. Oceanic Linguistics Special Publication no. 8. University of Hawaii Press.",136553
449,Tagabili,tbol1240,Tboli,tbl,Papunesia,6.20377,124.538,Austronesian,V. Forsberg in Reid (1971),https://abvd.eva.mpg.de/austronesian/language.php?id=449,Janet Moody,,"Reid, L.A. (1971). Philippine Minor Languages: Word Lists and Phonologies. Oceanic Linguistics Special Publication no. 8. University of Hawaii Press.",136553
450,"Tagbanwa, Aborlan Dialect",cent2090,Central Tagbanwa,tgt,Papunesia,10.6519,119.338,Austronesian,S. Hussey in Reid (1971),https://abvd.eva.mpg.de/austronesian/language.php?id=450,Janet Moody,,"Reid, L.A. (1971). Philippine Minor Languages: Word Lists and Phonologies. Oceanic Linguistics Special Publication no. 8. University of Hawaii Press.",136553
451,"Tagbanwa, Kalamian, Coron Island Dialect",cala1258,Calamian Tagbanwa,tbk,Papunesia,12.0716,120.094,Austronesian,E. Ruch in Reid (1971),https://abvd.eva.mpg.de/austronesian/language.php?id=451,Janet Moody,,"Reid, L.A. (1971). Philippine Minor Languages: Word Lists and Phonologies. Oceanic Linguistics Special Publication no. 8. University of Hawaii Press.",136553
452,"Tausug, Jolo Dialect",taus1251,Tausug,tsg,Papunesia,5.12236,118.88,Austronesian,S. Ashley in Reid (1971),https://abvd.eva.mpg.de/austronesian/language.php?id=452,Janet Moody and Vicente De Jesus and Richard Parker,,"Reid, L.A. (1971). Philippine Minor Languages: Word Lists and Phonologies. Oceanic Linguistics Special Publication no. 8. University of Hawaii Press.

With additions Richard Parker and Vicente de Jesus from Tausug-English Dictionary: Kabtangan Iban Maana by Irene U. Hassan, Seymour A. Ashley, and Mary L. Ashley published by the Summer Institute of Linguistics, 1994.",136553
458,Iranun,iran1262,Iranun,ill,Papunesia,4.3362,118.224,Austronesian,Sean Conklin and Mabulmaddin Haji Shaiddin,https://abvd.eva.mpg.de/austronesian/language.php?id=458,Sean Conklin,,"From a native speaker

roots are separated from affixation by + for verbal root and ++ for nominal root
Recent comparisons done by Grimes (2002) ?  Show Iranun is ~ 85% cognate with Maranao
all vowel  e  are realized as schwa",Shaiddin-458-2006
466,Surigaonon,suri1273,Surigaonon,sgd,Papunesia,9.0,126.0,Austronesian,Richard Parker,https://abvd.eva.mpg.de/austronesian/language.php?id=466,Richard Parker,,,Parker-466-2006
467,Ilonggo,hili1240,Hiligaynon,hil,Papunesia,10.4018,122.974,Austronesian,Richard Parker,https://abvd.eva.mpg.de/austronesian/language.php?id=467,Richard Parker,,"English-Tagalog Visayan Dictionary -- Philippine Books (Paperback) by Enriquez, Bautista, & Jamolangue.",Enriquez1949
483,Butuanon,butu1244,Butuanon,btw,Papunesia,8.87009,125.418,Austronesian,"Vicente de Jesus, Richard Parker, Fr. Joesilo C. Amalla",https://abvd.eva.mpg.de/austronesian/language.php?id=483,Vicente De Jesus and Richard Parker,,"Source: Vicente de Jesus, native Butuanon speaker.                                                                                                                          English-Butuanon Dictionary by Fr. Joesilo C. Amalla, an unpublished manuscript.",Jesus-483-2007
494,S.W. Palawano,sout2916,Southwest Palawano,plv,Papunesia,8.67624,117.36,Austronesian,Bill Davis,https://abvd.eva.mpg.de/austronesian/language.php?id=494,Bill Davis,,"(Author is translator with New Tribes Mission, working among SWP since 1982)

I will use our orthography, since it is a simple sound system. We do not write the final glottal but I will use an apostrophe for that and for intervocalic glottal; voiceless stops are unaspirated; <ng> represents the velar nasal phoneme; <l> is high-tongued; <r> is flapped; stress is penultimate unless I say ""final"" in the author annotation column; there are 4 vowel phonemes (i: high front, a: low central; a slightly rounded mid vowel further back than a schwa but not quite ""open o"" of 'caught.' for which we use the letter <e>; and a high back rounded.  We use both <o> and <u> in the orthography as a bridge to reading Tagalog... there is non-phonemic range of sound which corresponds somewhat to the rules of the orthography (last vowel of word: write as <o>, double is <oo>, otherwise, <u>.",Davis-494-2007
496,Tonsea,tons1240,Tonsea,txs,Papunesia,1.51393,125.052,Austronesian,Billy S.C Ticoalu,https://abvd.eva.mpg.de/austronesian/language.php?id=496,Billy Ticoalu,,/'/ representing accent,Ticoalu-496-2007
513,Waray-Waray,wara1300,Waray (Philippines),war,Papunesia,11.4911,125.012,Austronesian,Andras Rajki,https://abvd.eva.mpg.de/austronesian/language.php?id=513,Simon Greenhill,,,Rajki-513-2008
618,Buol,buol1237,Buol,blf,Papunesia,0.97727,121.519,Austronesian,Erik Zobel,https://abvd.eva.mpg.de/austronesian/language.php?id=618,Erik Zobel,,"/l/ has three allophones:
1. a palatal lateral aproximant: (V[-front])_(V[-front])
2. a retroflex lateral flap: (V[-front])_V[+front]
3. an alveolar lateral continuant: V[+front]_(V)",Zobel-618-2009
635,Babuza Ts82,babu1240,Babuza,bzg,Papunesia,24.0017,120.585,Austronesian,Tsuchida (1982),https://abvd.eva.mpg.de/austronesian/language.php?id=635,Roland Rehm,,"Tsuchida, S. (1982) A Comparative Vocabulary of Austronesian Languages of Sinicized Ethnic Groups in Taiwan, Part I: Western Taiwan. Memoirs of the Faculty of Letters, No. 7, University of Tokyo. Tokyo, Japan.

NOTE: (1-1) etc refers to village.",306286
636,Hoanya Ts82,papo1239,Papora-Hoanya,ppu,Papunesia,24.324,120.577,Austronesian,Tsuchida (1982),https://abvd.eva.mpg.de/austronesian/language.php?id=636,Roland Rehm,,"Tsuchida, S. (1982) A Comparative Vocabulary of Austronesian Languages of Sinicized Ethnic Groups in Taiwan, Part I: Western Taiwan. Memoirs of the Faculty of Letters, No. 7, University of Tokyo. Tokyo, Japan.

NOTE: (1-1) etc refers to village.",306286
637,Papora Ts82,papo1239,Papora-Hoanya,ppu,Papunesia,24.324,120.577,Austronesian,Tsuchida (1982),https://abvd.eva.mpg.de/austronesian/language.php?id=637,Roland Rehm,,"Tsuchida, S. (1982) A Comparative Vocabulary of Austronesian Languages of Sinicized Ethnic Groups in Taiwan, Part I: Western Taiwan. Memoirs of the Faculty of Letters, No. 7, University of Tokyo. Tokyo, Japan.

NOTE: (1-1) etc refers to village.",306286
638,Taokas Ts82,babu1240,Babuza,bzg,Papunesia,24.0017,120.585,Austronesian,Tsuchida (1982),https://abvd.eva.mpg.de/austronesian/language.php?id=638,Roland Rehm,,"Tsuchida, S. (1982) A Comparative Vocabulary of Austronesian Languages of Sinicized Ethnic Groups in Taiwan, Part I: Western Taiwan. Memoirs of the Faculty of Letters, No. 7, University of Tokyo. Tokyo, Japan.

NOTE: (1-1) etc refers to village.",306286
657,Kinaray-a,kina1250,Kinaray-a,krj,Papunesia,10.8131,122.297,Austronesian,Arnel Genzola,https://abvd.eva.mpg.de/austronesian/language.php?id=657,,,,Genzola-657-2009
660,Capisano,capi1239,Capiznon,cps,Papunesia,11.4122,122.954,Austronesian,Jose Ricarte,https://abvd.eva.mpg.de/austronesian/language.php?id=660,Jose Ricarte,,,Ricarte-660-2010
671,"Kalinga, Southern",sout2908,Bangad,ksc,Papunesia,17.2936,121.068,Austronesian,Summer Institute of Linguistics (1980),https://abvd.eva.mpg.de/austronesian/language.php?id=671,Andrew Hsiu,,"ISO 639-3: ksc Spoken in Kalinga Province, Luzon.

A topical vocabulary in English, Pilipino, Ilocano, and Southern Kalinga. 1980. Summer Institute of Linguistics.",65104
672,"Kalinga, Limos",limo1248,Limos Kalinga,kmk,Papunesia,17.6081,121.381,Austronesian,Summer Institute of Linguistics (1981),https://abvd.eva.mpg.de/austronesian/language.php?id=672,Andrew Hsiu,,"ISO 639-3: kmk Spoken in northern Kalinga Province, Luzon.

A classified vocabulary: English, Pilipino and Limos Kalinga. 1981. Summer Institute of Linguistics.",83052
673,"Bontok, Eastern",cent2292,Central Bontoc,ebk,Papunesia,17.08,120.92,Austronesian,Summer Institute of Linguistics (1981),https://abvd.eva.mpg.de/austronesian/language.php?id=673,Andrew Hsiu,,"Also called Finallig. Spoken in Mountain Province, Luzon.

A topical vocabulary in English, Pilipino, Ilocano and Eastern Bontoc. 1981. Summer Institute of Linguistics.",147940
678,Itawis,itaw1240,Itawit,itv,Papunesia,17.7329,121.58,Austronesian,Tharp & Natividad (1976),https://abvd.eva.mpg.de/austronesian/language.php?id=678,Andrew Hsiu,,"ISO 639-3: itv Spoken in Cagayan Valley, Luzon.

Tharp, James A. and Mateo C. Natividad. Itawis-English wordlist with English-Itawis finderlist New Haven, CT: Human Relations Area Files, 1976.",151187
679,Ibaloi,ibal1244,Ibaloi,ibl,Papunesia,16.4263,120.695,Austronesian,"Anton, Sofia Olga",https://abvd.eva.mpg.de/austronesian/language.php?id=679,Andrew Hsiu,,"ISO 639-3: ibl Spoken in Benguet Province, Luzon. 

Source: A handy guidebook to the Ibaloi language. Baguio City, Philippines. Tebtebba Foundation: 2010. (Additional online resources also consulted.)",anton2010a
681,Kankanaey,kank1243,Kankanaey,kne,Papunesia,16.8548,120.689,Austronesian,Janet Allen,https://abvd.eva.mpg.de/austronesian/language.php?id=681,Janet Allen,Simon Greenhill,,Allen-681-2010
685,Maguindanaon,magu1243,Maguindanao,mdh,Papunesia,6.9453,124.509,Austronesian,Robert E. Sullivan,https://abvd.eva.mpg.de/austronesian/language.php?id=685,Andrew Hsiu,,"ISO 639-3: mdh Source: Sullivan, Robert E. A Maguindanaon Dictionary: Maguindanaon-English, English-Maguindanaon. Cotabato City, Philippines: Notre Dame University, Institute of Cotabato Cultures, 1986.",sullivan1986a
686,Sinauna,remo1247,Hatang Kayi,agv,Papunesia,14.6254,121.453,Austronesian,Fe Aldave Yap,https://abvd.eva.mpg.de/austronesian/language.php?id=686,Andrew Hsiu,,"ISO 639-3: agv 

Source: Yap, Fe Aldave. The Tagalog Region: Lexicon of the Languages and Dialects / Rehiyong Tagalog: Lexicon ng mga Wika at Diyalekto. Manila, Philippines: University of Santo Tomas, 2009.

Sinauna is a highly endangered Central Luzon language spoken in Rizal province, Luzon.",Yap2009
687,Romblon,romb1245,Romblomanon,rol,Papunesia,12.4047,122.56,Austronesian,Fe Aldave Yap,https://abvd.eva.mpg.de/austronesian/language.php?id=687,Andrew Hsiu,,"ISO 639-3: rol Also called Romblomanon. 

Source: Yap, Fe Aldave. The Tagalog Region: Lexicon of the Languages and Dialects / Rehiyong Tagalog: Lexicon ng mga Wika at Diyalekto. Manila, Philippines: University of Santo Tomas, 2009.",Yap2009
688,Cuyonon,cuyo1237,Cuyonon,cyo,Papunesia,10.3201,119.3,Austronesian,Fe Aldave Yap,https://abvd.eva.mpg.de/austronesian/language.php?id=688,Andrew Hsiu,,"ISO 639-3: cyo Also called Kuyonon. 

Source: Yap, Fe Aldave. The Tagalog Region: Lexicon of the Languages and Dialects / Rehiyong Tagalog: Lexicon ng mga Wika at Diyalekto. Manila, Philippines: University of Santo Tomas, 2009.",Yap2009
707,Tiruray,tiru1241,Tiruray,tiy,Papunesia,6.77321,124.127,Austronesian,Stuart A. Schlegel,https://abvd.eva.mpg.de/austronesian/language.php?id=707,Andrew Hsiu,,"Schlegel, Stuart A. 1971. Tiruray-English Lexicon. Berkeley: University of California Press.",132927
708,Bantoanon (Banton),bant1288,Bantoanon,bno,Papunesia,12.5194,122.034,Austronesian,Gordon & Kilgour,https://abvd.eva.mpg.de/austronesian/language.php?id=708,Andrew Hsiu,,"ISO 639-3: bno Bantoanon, spoken in Romblon Province, Philippines, constitutes a separate primary branch within the Visayan languages, and is intermediate between the Western and Central Visayan languages. The Banton (prestige, considered ""original"" by native speakers) dialect is used. Zorc suggests that Bantoanon may have a Cebuan substratum.

Sources: 
1) Gordon, M. Ruth and Heather J. Kilgour. Sociolinguistic Survey of Bantoanon. Studies in Philippine Linguistics, Vol. 6, No. 2, 1-93. Manila, Philippines: Summer Institute of Linguistics, 1986. 

2) Kilgour, Heather J. and Gail Hendrickson. Bantoanon Phonology. Studies in Philippine Linguistics, Vol. 9, No. 1, 111-136. Manila, Philippines: Summer Institute of Linguistics, 1992.

3) Zorc, David Paul. The Bisayan Dialects of the Philippines: Subgrouping and Reconstruction. Canberra, Australia: Dept. of Linguistics, Research School of Pacific Studies, Australian National University, 1977.",109918;106220
710,Bikol (Buhinon),buhi1243,Buhi,ubl,Papunesia,13.17,123.5,Austronesian,"Kenneth S. Olson, et. al.",https://abvd.eva.mpg.de/austronesian/language.php?id=710,Andrew Hsiu,,"ISO 639–3: bhk Spoken in Buhi, Camarines Sur Province, Philippines. 

Source: Olson, Kenneth S., Emy T. Ballenas, and Nilo M. Borromeo. ""Buhi’non (Bikol) Digital Wordlist: Presentation Form."" In Language Documentation & Conservation, Vol. 3, No. 2, pp. 213-225. University of Hawai'i, 2009.

Recorded in 2006 at the SIL Center in Bagabag, Nueva Vizcaya Province, Philippines. IPA is used. Apostrophes signify stress, not glottal stops.",olson2009
711,Kalinga (Minangali),lowe1412,Tanudan Kalinga,kml,Papunesia,17.3441,121.311,Austronesian,"Kenneth S. Olson, et. al.",https://abvd.eva.mpg.de/austronesian/language.php?id=711,Andrew Hsiu,,"ISO 639–3: kml Source: Olson, Kenneth S., Glenn Machlan, and Nelson Amangao. ""Minangali (Kalinga) Digital Wordlist: Presentation Form."" In Language Documentation & Conservation, Vol. 2, No. 1 (June 2008), pp. 141-156. University of Hawai'i, 2008.

Recorded in 2006 at the SIL Center in Bagabag, Nueva Vizcaya Province, Philippines.",olson2008
713,Yogad,yoga1237,Yogad,yog,Papunesia,16.7015,121.718,Austronesian,Davis & Mesa,https://abvd.eva.mpg.de/austronesian/language.php?id=713,Andrew Hsiu,,"ISO 639-3: yog Spoken in the vicinity of Echague in the Cagayan Valley of Luzon.

Source: Davis, Philip W. and Angel D. Mesa. A Dictionary of Yogad. Munich, Germany: Lincom Europa, 2000.",32648
720,Kavalan LTs,kava1241,Kavalan,ckv,Papunesia,24.6947,121.645,Austronesian,Paul Jen-kuei Li,https://abvd.eva.mpg.de/austronesian/language.php?id=720,Andrew Hsiu,,"Li, Paul Jen-kuei and Shigeru Tsuchida. 2006. Kavalan Dictionary (噶瑪蘭語詞典). Taipei, Taiwan: Institute of Linguistics, Academia Sinica.",21679
722,Bikol (Rinconada),irig1242,Iriga Bicolano,bto,Papunesia,13.3896,123.331,Austronesian,Lobel & Bucad,https://abvd.eva.mpg.de/austronesian/language.php?id=722,Andrew Hsiu,,"Lobel, Jason William and Grace Uvero Bucad. Rinconada Bikol-Filipino-English Phrasebook: with Mini-Dictionary. Naga City, Philippines: Lobel & Tria Partnership, 2001.",lobel2001a
726,Bunun (Takituduh L88),bunu1267,Bunun,bnn,Papunesia,23.4116,121.025,Austronesian,Paul Jen-kuei Li,https://abvd.eva.mpg.de/austronesian/language.php?id=726,Andrew Hsiu,,"Li, Paul Jen-kuei. 1988. ""A Comparative Study of Bunun Dialects."" In Li, Paul Jen-kuei. 2004. Selected Papers on Formosan Languages. Taipei, Taiwan: Institute of Linguistics, Academia Sinica.

The Takituduh dialect (considered to be one of the most conservative dialects) is used.",174992
730,Dupaningan Agta,dupa1235,Dupaninan Agta,duo,Papunesia,17.3748,122.188,Austronesian,Laura C. Robinson,https://abvd.eva.mpg.de/austronesian/language.php?id=730,Andrew Hsiu,,"ISO 639-3: duo Source: Robinson, Laura C. 2008. Dupaningan Agta: Grammar, Vocabulary, and Texts. Ph.D. dissertation. Honolulu: Dept. of Linguistics, University of Hawaii at Manoa.

Robinson uses the Bolos Point (Bolos a Ballek) variety in her lexicon of Dupaningan Agta.",47932
742,Atayal - C'uli' L04 (Mayrinax),atay1247,Atayal,tay,Papunesia,24.5209,121.388,Austronesian,Paul Jen-kuei Li,https://abvd.eva.mpg.de/austronesian/language.php?id=742,Andrew Hsiu,,"Li, Paul Jen-kuei. 2004. ""Basic Vocabulary for Formosan Languages and Dialects."" In Li, Paul Jen-kuei. 2004. Selected Papers on Formosan Languages. Taipei, Taiwan: Institute of Linguistics, Academia Sinica.

Mayrinax Atayal has separate male and female registers. The female register is usually thought to be the conservative one, while the male register is the derived one.",459321
755,Masbatenyo,masb1238,Masbatenyo,msb,Papunesia,12.21453,123.63579,Austronesian,Elmer P. Wolfenden,https://abvd.eva.mpg.de/austronesian/language.php?id=755,Andrew Hsiu,,"Wolfenden, Elmer P. 2001. A Masbatenyo-English Dictionary. Manila: Linguistic Society of the Philippines.",26161
759,Puyuma (Nanwang Cq),puyu1239,Puyuma,pyu,Papunesia,22.643,120.996,Austronesian,Josiane Cauquelin,https://abvd.eva.mpg.de/austronesian/language.php?id=759,Andrew Hsiu,,"Cauquelin, Josiane. 1991. Dictionnaire Puyuma-Français. Paris: Ecole française d'Extrême Orient.

The only available dictionary for Nanwang (the most conservative dialect of Puyuma) is currently in French.

Cauquelin's orthography uses ""e"" for /ə/, and horizontal lines slashed through letters to represent retroflex consonants.",s_Cauquelin_Puyuma
760,Pazih LTs (Auran),kulo1237,Pazeh-Kahabu,uun,Papunesia,23.7562,120.976,Austronesian,"Paul Jen-kuei Li, Shigeru Tsuchida",https://abvd.eva.mpg.de/austronesian/language.php?id=760,Andrew Hsiu,,"Li, Paul Jen-kuei and Shigeru Tsuchida. 2001. Pazih Dictionary (巴宰語詞典). Taipei, Taiwan: Institute of Linguistics, Academia Sinica.

Unless indicated otherwise, the Auran (Ailan 愛蘭) dialect is used.",135332
783,Samar-Leyte,wara1300,Waray (Philippines),war,Papunesia,11.4911,125.012,Austronesian,Alfonsa E. Tizon,https://abvd.eva.mpg.de/austronesian/language.php?id=783,Andrew Hsiu,,"Tizon, Alfonsa E. 1972. Tagalog-Samar-Leyte cognate words with identical and different meanings. Manila, Philippines: Institute of National Language.",410676
788,Marinduque Tagalog,taga1270,Tagalog,tgl,Papunesia,14.06,121.747,Austronesian,Rosa Soberano,https://abvd.eva.mpg.de/austronesian/language.php?id=788,Andrew Hsiu,,"Soberano, Rosa. 1980. The dialects of Marinduque Tagalog. Canberra: Pacific Linguistics.

This divergent variant of Tagalog is spoken on Marinduque Island, located south of Luzon. Data was collected from Buenavista, Gasan, Boac, Mogpog, Santa Cruz, and Torrijos. The Manila Tagalog form is also given in the annotations column when there are differences from the Marinduque forms.

Note: <q> is a glottal stop.",54887
799,Amis (Fata'an),amis1246,Amis,ami,Papunesia,23.0917,121.348,Austronesian,Li (2004),https://abvd.eva.mpg.de/austronesian/language.php?id=799,Andrew Hsiu,Simon Greenhill,"Li, Paul Jen-kuei. 2004. ""Basic Vocabulary for Formosan Languages and Dialects."" In Li, Paul Jen-kuei. 2004. Selected Papers on Formosan Languages. Taipei, Taiwan: Institute of Linguistics, Academia Sinica.",459321
800,Amis (Farang),amis1246,Amis,ami,Papunesia,23.0917,121.348,Austronesian,Li (2004),https://abvd.eva.mpg.de/austronesian/language.php?id=800,Andrew Hsiu,Simon Greenhill,"Li, Paul Jen-kuei. 2004. ""Basic Vocabulary for Formosan Languages and Dialects."" In Li, Paul Jen-kuei. 2004. Selected Papers on Formosan Languages. Taipei, Taiwan: Institute of Linguistics, Academia Sinica.",459321
801,Sakizaya,nata1254,Northern Amis,ais,Papunesia,23.9386,121.59,Austronesian,Li (2004),https://abvd.eva.mpg.de/austronesian/language.php?id=801,Andrew Hsiu,Simon Greenhill,"Li, Paul Jen-kuei. 2004. ""Basic Vocabulary for Formosan Languages and Dialects."" In Li, Paul Jen-kuei. 2004. Selected Papers on Formosan Languages. Taipei, Taiwan: Institute of Linguistics, Academia Sinica.",459321
802,Atayal - C'uli' L04 (Skikun),atay1247,Atayal,tay,Papunesia,24.5209,121.388,Austronesian,Li (2004),https://abvd.eva.mpg.de/austronesian/language.php?id=802,Andrew Hsiu,Simon Greenhill,"Li, Paul Jen-kuei. 2004. ""Basic Vocabulary for Formosan Languages and Dialects."" In Li, Paul Jen-kuei. 2004. Selected Papers on Formosan Languages. Taipei, Taiwan: Institute of Linguistics, Academia Sinica.",459321
803,Bunun (Takituduh L04),bunu1267,Bunun,bnn,Papunesia,23.4116,121.025,Austronesian,Li (2004),https://abvd.eva.mpg.de/austronesian/language.php?id=803,Andrew Hsiu,Simon Greenhill,"Li, Paul Jen-kuei. 2004. ""Basic Vocabulary for Formosan Languages and Dialects."" In Li, Paul Jen-kuei. 2004. Selected Papers on Formosan Languages. Taipei, Taiwan: Institute of Linguistics, Academia Sinica.",459321
804,Bunun (Takbanuaz),bunu1267,Bunun,bnn,Papunesia,23.4116,121.025,Austronesian,Li (2004),https://abvd.eva.mpg.de/austronesian/language.php?id=804,Andrew Hsiu,Simon Greenhill,"Li, Paul Jen-kuei. 2004. ""Basic Vocabulary for Formosan Languages and Dialects."" In Li, Paul Jen-kuei. 2004. Selected Papers on Formosan Languages. Taipei, Taiwan: Institute of Linguistics, Academia Sinica.",459321
805,Bunun (Iskubun),bunu1267,Bunun,bnn,Papunesia,23.4116,121.025,Austronesian,Li (2004),https://abvd.eva.mpg.de/austronesian/language.php?id=805,Andrew Hsiu,Simon Greenhill,"Li, Paul Jen-kuei. 2004. ""Basic Vocabulary for Formosan Languages and Dialects."" In Li, Paul Jen-kuei. 2004. Selected Papers on Formosan Languages. Taipei, Taiwan: Institute of Linguistics, Academia Sinica.",459321
806,Paiwan (Butanglu L04),paiw1248,Paiwan,pwn,Papunesia,22.3271,120.806,Austronesian,Li (2004),https://abvd.eva.mpg.de/austronesian/language.php?id=806,Andrew Hsiu,Simon Greenhill,"Li, Paul Jen-kuei. 2004. ""Basic Vocabulary for Formosan Languages and Dialects."" In Li, Paul Jen-kuei. 2004. Selected Papers on Formosan Languages. Taipei, Taiwan: Institute of Linguistics, Academia Sinica.",459321
807,Paiwan (Stimul L04),paiw1248,Paiwan,pwn,Papunesia,22.3271,120.806,Austronesian,Li (2004),https://abvd.eva.mpg.de/austronesian/language.php?id=807,Andrew Hsiu,Simon Greenhill,"Li, Paul Jen-kuei. 2004. ""Basic Vocabulary for Formosan Languages and Dialects."" In Li, Paul Jen-kuei. 2004. Selected Papers on Formosan Languages. Taipei, Taiwan: Institute of Linguistics, Academia Sinica.",459321
808,Paiwan (Tjubar L04),paiw1248,Paiwan,pwn,Papunesia,22.3271,120.806,Austronesian,Li (2004),https://abvd.eva.mpg.de/austronesian/language.php?id=808,Andrew Hsiu,Simon Greenhill,"Li, Paul Jen-kuei. 2004. ""Basic Vocabulary for Formosan Languages and Dialects."" In Li, Paul Jen-kuei. 2004. Selected Papers on Formosan Languages. Taipei, Taiwan: Institute of Linguistics, Academia Sinica.",459321
809,Puyuma (Pilam L04),puyu1239,Puyuma,pyu,Papunesia,22.643,120.996,Austronesian,Li (2004),https://abvd.eva.mpg.de/austronesian/language.php?id=809,Andrew Hsiu,Simon Greenhill,"Li, Paul Jen-kuei. 2004. ""Basic Vocabulary for Formosan Languages and Dialects."" In Li, Paul Jen-kuei. 2004. Selected Papers on Formosan Languages. Taipei, Taiwan: Institute of Linguistics, Academia Sinica.",459321
810,Puyuma (Lower Pinlang L04),puyu1239,Puyuma,pyu,Papunesia,22.643,120.996,Austronesian,Li (2004),https://abvd.eva.mpg.de/austronesian/language.php?id=810,Andrew Hsiu,Simon Greenhill,"Li, Paul Jen-kuei. 2004. ""Basic Vocabulary for Formosan Languages and Dialects."" In Li, Paul Jen-kuei. 2004. Selected Papers on Formosan Languages. Taipei, Taiwan: Institute of Linguistics, Academia Sinica.",459321
811,Puyuma (Katipul L04),puyu1239,Puyuma,pyu,Papunesia,22.643,120.996,Austronesian,Li (2004),https://abvd.eva.mpg.de/austronesian/language.php?id=811,Andrew Hsiu,Simon Greenhill,"Li, Paul Jen-kuei. 2004. ""Basic Vocabulary for Formosan Languages and Dialects."" In Li, Paul Jen-kuei. 2004. Selected Papers on Formosan Languages. Taipei, Taiwan: Institute of Linguistics, Academia Sinica.",459321
812,Rukai (Tanan L04),ruka1240,Rukai,dru,Papunesia,22.7738,120.844,Austronesian,Li (2004),https://abvd.eva.mpg.de/austronesian/language.php?id=812,Andrew Hsiu,Simon Greenhill,"Li, Paul Jen-kuei. 2004. ""Basic Vocabulary for Formosan Languages and Dialects."" In Li, Paul Jen-kuei. 2004. Selected Papers on Formosan Languages. Taipei, Taiwan: Institute of Linguistics, Academia Sinica.",459321
813,Rukai (Budai L04),ruka1240,Rukai,dru,Papunesia,22.7738,120.844,Austronesian,Li (2004),https://abvd.eva.mpg.de/austronesian/language.php?id=813,Andrew Hsiu,Simon Greenhill,"Li, Paul Jen-kuei. 2004. ""Basic Vocabulary for Formosan Languages and Dialects."" In Li, Paul Jen-kuei. 2004. Selected Papers on Formosan Languages. Taipei, Taiwan: Institute of Linguistics, Academia Sinica.",459321
814,Rukai (Maga L04),ruka1240,Rukai,dru,Papunesia,22.7738,120.844,Austronesian,Li (2004),https://abvd.eva.mpg.de/austronesian/language.php?id=814,Andrew Hsiu,Simon Greenhill,"Li, Paul Jen-kuei. 2004. ""Basic Vocabulary for Formosan Languages and Dialects."" In Li, Paul Jen-kuei. 2004. Selected Papers on Formosan Languages. Taipei, Taiwan: Institute of Linguistics, Academia Sinica.",459321
815,Rukai (Tona),ruka1240,Rukai,dru,Papunesia,22.7738,120.844,Austronesian,Li (2004),https://abvd.eva.mpg.de/austronesian/language.php?id=815,Andrew Hsiu,Simon Greenhill,"Li, Paul Jen-kuei. 2004. ""Basic Vocabulary for Formosan Languages and Dialects."" In Li, Paul Jen-kuei. 2004. Selected Papers on Formosan Languages. Taipei, Taiwan: Institute of Linguistics, Academia Sinica.",459321
816,Rukai (Mantauran L04),ruka1240,Rukai,dru,Papunesia,22.7738,120.844,Austronesian,Li (2004),https://abvd.eva.mpg.de/austronesian/language.php?id=816,Andrew Hsiu,Simon Greenhill,"Li, Paul Jen-kuei. 2004. ""Basic Vocabulary for Formosan Languages and Dialects."" In Li, Paul Jen-kuei. 2004. Selected Papers on Formosan Languages. Taipei, Taiwan: Institute of Linguistics, Academia Sinica.",459321
817,Saisiyat L04 (Tungho),sais1237,Saisiyat,xsy,Papunesia,24.6043,121.067,Austronesian,Li (2004),https://abvd.eva.mpg.de/austronesian/language.php?id=817,Andrew Hsiu,Simon Greenhill,"Li, Paul Jen-kuei. 2004. ""Basic Vocabulary for Formosan Languages and Dialects."" In Li, Paul Jen-kuei. 2004. Selected Papers on Formosan Languages. Taipei, Taiwan: Institute of Linguistics, Academia Sinica.",459321
818,Saisiyat L04 (Ta'ai),sais1237,Saisiyat,xsy,Papunesia,24.6043,121.067,Austronesian,Li (2004),https://abvd.eva.mpg.de/austronesian/language.php?id=818,Andrew Hsiu,Simon Greenhill,"Li, Paul Jen-kuei. 2004. ""Basic Vocabulary for Formosan Languages and Dialects."" In Li, Paul Jen-kuei. 2004. Selected Papers on Formosan Languages. Taipei, Taiwan: Institute of Linguistics, Academia Sinica.",459321
819,Atayal - Squliq L04,atay1247,Atayal,tay,Papunesia,24.5209,121.388,Austronesian,Li (2004),https://abvd.eva.mpg.de/austronesian/language.php?id=819,Andrew Hsiu,Simon Greenhill,"Li, Paul Jen-kuei. 2004. ""Basic Vocabulary for Formosan Languages and Dialects."" In Li, Paul Jen-kuei. 2004. Selected Papers on Formosan Languages. Taipei, Taiwan: Institute of Linguistics, Academia Sinica.",459321
820,Seediq L04 (Paran),taro1264,Seediq,trv,Papunesia,23.9032,121.358,Austronesian,Li (2004),https://abvd.eva.mpg.de/austronesian/language.php?id=820,Andrew Hsiu,Simon Greenhill,"Li, Paul Jen-kuei. 2004. ""Basic Vocabulary for Formosan Languages and Dialects."" In Li, Paul Jen-kuei. 2004. Selected Papers on Formosan Languages. Taipei, Taiwan: Institute of Linguistics, Academia Sinica.",459321
821,Seediq L04 (Toda),taro1264,Seediq,trv,Papunesia,23.9032,121.358,Austronesian,Li (2004),https://abvd.eva.mpg.de/austronesian/language.php?id=821,Andrew Hsiu,Simon Greenhill,"Li, Paul Jen-kuei. 2004. ""Basic Vocabulary for Formosan Languages and Dialects."" In Li, Paul Jen-kuei. 2004. Selected Papers on Formosan Languages. Taipei, Taiwan: Institute of Linguistics, Academia Sinica.",459321
822,Seediq L04 (Hecuo),taro1264,Seediq,trv,Papunesia,23.9032,121.358,Austronesian,Li (2004),https://abvd.eva.mpg.de/austronesian/language.php?id=822,Andrew Hsiu,Simon Greenhill,"Li, Paul Jen-kuei. 2004. ""Basic Vocabulary for Formosan Languages and Dialects."" In Li, Paul Jen-kuei. 2004. Selected Papers on Formosan Languages. Taipei, Taiwan: Institute of Linguistics, Academia Sinica.",459321
823,Seediq L04 (Truku),taro1264,Seediq,trv,Papunesia,23.9032,121.358,Austronesian,Li (2004),https://abvd.eva.mpg.de/austronesian/language.php?id=823,Andrew Hsiu,Simon Greenhill,"Li, Paul Jen-kuei. 2004. ""Basic Vocabulary for Formosan Languages and Dialects."" In Li, Paul Jen-kuei. 2004. Selected Papers on Formosan Languages. Taipei, Taiwan: Institute of Linguistics, Academia Sinica.",459321
824,Tsou (Duhtu L04),tsou1248,Tsou,tsu,Papunesia,23.216,120.787,Austronesian,Li (2004),https://abvd.eva.mpg.de/austronesian/language.php?id=824,Andrew Hsiu,Simon Greenhill,"Li, Paul Jen-kuei. 2004. ""Basic Vocabulary for Formosan Languages and Dialects."" In Li, Paul Jen-kuei. 2004. Selected Papers on Formosan Languages. Taipei, Taiwan: Institute of Linguistics, Academia Sinica.",459321
825,Kanakanabu L04,kana1286,Kanakanavu,xnb,Papunesia,23.3235,120.887,Austronesian,Li (2004),https://abvd.eva.mpg.de/austronesian/language.php?id=825,Andrew Hsiu,Simon Greenhill,"Li, Paul Jen-kuei. 2004. ""Basic Vocabulary for Formosan Languages and Dialects."" In Li, Paul Jen-kuei. 2004. Selected Papers on Formosan Languages. Taipei, Taiwan: Institute of Linguistics, Academia Sinica.",459321
826,Saaroa L04,saar1237,Saaroa,sxr,Papunesia,23.2632,120.711,Austronesian,Li (2004),https://abvd.eva.mpg.de/austronesian/language.php?id=826,Andrew Hsiu,Simon Greenhill,"Li, Paul Jen-kuei. 2004. ""Basic Vocabulary for Formosan Languages and Dialects."" In Li, Paul Jen-kuei. 2004. Selected Papers on Formosan Languages. Taipei, Taiwan: Institute of Linguistics, Academia Sinica.",459321
832,Basay L04,basa1287,Basay,byq,Papunesia,25.0046,121.857,Austronesian,Paul Jen-kuei Li,https://abvd.eva.mpg.de/austronesian/language.php?id=832,Andrew Hsiu,,"3 papers from Paul Jen-kuei Li were consulted.
1) The Linguistic Position of Basay (2001) [in Chinese]
2) Origins of the East Formosans (2004)
3) Problems in the Basay Language (1999)

All 3 papers can be found in Li, Paul Jen-kuei (2004). Selected Papers on Formosan Languages. Taipei, Taiwan: Institute of Linguistics, Academia Sinica.",49679
859,Bikol (Bisakol),cent2087,Coastal-Naga Bikol,bcl,Papunesia,13.7574,123.403,Austronesian,Roberto Gimoro,https://abvd.eva.mpg.de/austronesian/language.php?id=859,Roberto Gimoro,,"Bisakol is the dialect spoken by the people of Bulan, Matnog, Irosin, Bulusan, Gubat, Sta Magdalena and other adjacent towns of the province of Sorsogon, Bikol Region.",Gimoro-859-2011
860,Kagayanen,kaga1256,Kagayanen,cgc,Papunesia,10.4656,119.872,Austronesian,"Multiple contributors from Cagayancillo, Palawan",https://abvd.eva.mpg.de/austronesian/language.php?id=860,Jacqueline Huggins,,This word list was collected by translator Jacqueline Andrea Huggins while living among the Kagayanen people and conducting linguistic research from August 1987 until September 2003.,Huggins-860-2011
978,Itawis,itaw1240,Itawit,itv,Papunesia,17.7329,121.58,Austronesian,Norman Barrias,https://abvd.eva.mpg.de/austronesian/language.php?id=978,Norman Barrias,,"i observed a change in the use if h to z (ex himigi, hiwanan and hirian, which in Iguig (town ) are pronounced as zimigi, ziwanan and zirrian respectively.",Barrias-978-2013
1200,Kapampangan,pamp1243,Pampanga,pam,Papunesia,14.9603,120.502,Austronesian,Eduardo John A. Balatbat,https://abvd.eva.mpg.de/austronesian/language.php?id=1200,Eduardo Balatbat,,"There are approximately 2.3 Million (native) speakers of Kapampangan language as of the year 2010. It is widely spoken in the Province of Pampanga, some parts of Provinces of Nueva Ecija, Bulacan and Bataan, and in the southern part of the Province of tarlac, all located in the Philippine Island of Luzon.

Kapampangan is considered a secondary language among the Kapampangan niegboring Aita Tribes of Mag-Antsi, Ayta Botolan, Ayta Abellen and Ayta Mag-Indi. During and after the Mt. Pinatubo's eruption in 1991, they were evacuated out of their mountain homeland and there they had an increased contact with Kapampangan lowlanders.",Balatbat-1200-2015
1208,Naga Bikol,cent2087,Coastal-Naga Bikol,bcl,Papunesia,13.7574,123.403,Austronesian,Geopoet,https://abvd.eva.mpg.de/austronesian/language.php?id=1208,Gil Gregorio,,Partido region,Geopoet-1208-2015
1211,Arta,arta1239,Arta,atz,Papunesia,16.4185,121.656,Austronesian,Yukinori Kimoto,https://abvd.eva.mpg.de/austronesian/language.php?id=1211,Yukinori Kimoto,,,Kimoto-1211-2015
1257,Ayta Mag-antsi,maga1263,Mag-Anchi Ayta,sgb,Papunesia,15.1954,120.459,Austronesian,"Storck, Kurt and Margaret Storck, compilers",https://abvd.eva.mpg.de/austronesian/language.php?id=1257,Andrew Hsiu,,"Storck, Kurt and Margaret Storck. 2012. Ayta Mag-antsi Dictionary - Pallêkan Habi. Manila: SIL Philippines.

Available online at http://www-01.sil.org/asia/philippines/online/sgb/dict/index.html",13192
1260,Inati (Nagpana),atii1237,Ati,atk,Papunesia,11.1539,122.512,Austronesian,Pennoyer (1987),https://abvd.eva.mpg.de/austronesian/language.php?id=1260,Andrew Hsiu,,"Douglas F. Pennoyer. 1987. Inati: the Hidden Negrito Language of Panay, Philippines. Philippine Journal of Linguistics 18/19. 1-36.

The main dialect in this study is that of Nagpana, Barotac Viejo, Iloilo City.",134166
1262,Ayta Abellen,aben1249,Abenlen Ayta,abp,Papunesia,15.4131,120.2,Austronesian,Stone (2008),https://abvd.eva.mpg.de/austronesian/language.php?id=1262,Andrew Hsiu,,"Stone, Roger. 2008. The Sambalic languages of Central Luzon. Studies in Philippine languages and cultures 19. 158-183.",150458
1263,Ayta Ambala,amba1267,Ambala Ayta,abc,Papunesia,14.8156,120.283,Austronesian,Stone (2008),https://abvd.eva.mpg.de/austronesian/language.php?id=1263,Andrew Hsiu,,"Stone, Roger. 2008. The Sambalic languages of Central Luzon. Studies in Philippine languages and cultures 19. 158-183.",150458
1264,Ayta Mag-anchi,maga1263,Mag-Anchi Ayta,sgb,Papunesia,15.1954,120.459,Austronesian,Stone (2008),https://abvd.eva.mpg.de/austronesian/language.php?id=1264,Andrew Hsiu,,"Stone, Roger. 2008. The Sambalic languages of Central Luzon. Studies in Philippine languages and cultures 19. 158-183.",150458
1265,Bolinao,boli1256,Bolinao,smk,Papunesia,16.3071,119.853,Austronesian,Stone (2008),https://abvd.eva.mpg.de/austronesian/language.php?id=1265,Andrew Hsiu,,"Stone, Roger. 2008. The Sambalic languages of Central Luzon. Studies in Philippine languages and cultures 19. 158-183.",150458
1266,Botolan Sambal,boto1242,Botolan Sambal,sbl,Papunesia,15.2315,120.164,Austronesian,Stone (2008),https://abvd.eva.mpg.de/austronesian/language.php?id=1266,Andrew Hsiu,,"Stone, Roger. 2008. The Sambalic languages of Central Luzon. Studies in Philippine languages and cultures 19. 158-183.",150458
1267,Ayta Mag-indi,magi1241,Mag-Indi Ayta,blx,Papunesia,14.9617,120.182,Austronesian,Stone (2008),https://abvd.eva.mpg.de/austronesian/language.php?id=1267,Andrew Hsiu,,"Stone, Roger. 2008. The Sambalic languages of Central Luzon. Studies in Philippine languages and cultures 19. 158-183.",150458
1268,Sambal,tina1248,Tinà Sambal,xsb,Papunesia,15.5797,120.095,Austronesian,Stone (2008),https://abvd.eva.mpg.de/austronesian/language.php?id=1268,Andrew Hsiu,,"Stone, Roger. 2008. The Sambalic languages of Central Luzon. Studies in Philippine languages and cultures 19. 158-183.",150458
1269,Iraya,iray1237,Iraya,iry,Papunesia,13.381,120.65,Austronesian,Barbian (1977),https://abvd.eva.mpg.de/austronesian/language.php?id=1269,Andrew Hsiu,,"Barbian, Karl-Josef. 1977. The Mangyan languages of Mindoro. Cebu City: University of San Carlos.",311529
1270,Alangan,alan1249,Alangan,alj,Papunesia,13.0982,121.022,Austronesian,Barbian (1977),https://abvd.eva.mpg.de/austronesian/language.php?id=1270,Andrew Hsiu,,"Barbian, Karl-Josef. 1977. The Mangyan languages of Mindoro. Cebu City: University of San Carlos.",311529
1271,Tadyawan,tady1237,Tadyawan,tdy,Papunesia,13.0211,121.305,Austronesian,Barbian (1977),https://abvd.eva.mpg.de/austronesian/language.php?id=1271,Andrew Hsiu,,"Barbian, Karl-Josef. 1977. The Mangyan languages of Mindoro. Cebu City: University of San Carlos.",311529
1272,Batangan,buhi1245,Buhid,bku,Papunesia,12.6396,121.21,Austronesian,Barbian (1977),https://abvd.eva.mpg.de/austronesian/language.php?id=1272,Andrew Hsiu,,"Barbian, Karl-Josef. 1977. The Mangyan languages of Mindoro. Cebu City: University of San Carlos.",311529
1273,Buhid,buhi1245,Buhid,bku,Papunesia,12.6396,121.21,Austronesian,Barbian (1977),https://abvd.eva.mpg.de/austronesian/language.php?id=1273,Andrew Hsiu,,"Barbian, Karl-Josef. 1977. The Mangyan languages of Mindoro. Cebu City: University of San Carlos.",311529
1274,Hanunoo,hanu1241,Hanunoo,hnn,Papunesia,12.4159,121.221,Austronesian,Barbian (1977),https://abvd.eva.mpg.de/austronesian/language.php?id=1274,Andrew Hsiu,,"Barbian, Karl-Josef. 1977. The Mangyan languages of Mindoro. Cebu City: University of San Carlos.",311529
1275,Ratagnon,rata1245,Ratagnon,btn,Papunesia,12.2785,121.187,Austronesian,Barbian (1977),https://abvd.eva.mpg.de/austronesian/language.php?id=1275,Andrew Hsiu,,"Barbian, Karl-Josef. 1977. The Mangyan languages of Mindoro. Cebu City: University of San Carlos.",311529
1278,Malaweg,itaw1240,Itawit,itv,Papunesia,17.7329,121.58,Austronesian,Laurie Reid,https://abvd.eva.mpg.de/austronesian/language.php?id=1278,Laurie Reid,,,136553
1328,Paiwan (Tjatjigel Egli),paiw1248,Paiwan,pwn,Papunesia,22.3271,120.806,Austronesian,"Hans Egli, 2002, Paiwanwörterbuch. Harrassowitz",https://abvd.eva.mpg.de/austronesian/language.php?id=1328,Malcolm Ross,,"This dictionary is generally ignored in the Formosan literature because it is in German. The orthography has been converted to that of Ferrell's Paiwan dictionary, in order to facilitate comparison.",Egli2002PaiwanWo
1463,Isinay (Dupax),isin1239,Isinai,inn,Papunesia,16.3299,121.12,Austronesian,Sarah Eve Perlawan,https://abvd.eva.mpg.de/austronesian/language.php?id=1463,Andrew Hsiu,,"Perlawan, Sarah Eve. 2015. Grammatical Sketch of Isinay Dupax. m.s. University of the Philippines, Diliman.

Standard Isinay as spoken in Dupax del Sur municipality, Nueva Vizcaya province, Philippines",perlawan2015a
1467,Mindoro Tagalog,taga1270,Tagalog,tgl,Papunesia,14.06,121.747,Austronesian,Native Tagalog speaker,https://abvd.eva.mpg.de/austronesian/language.php?id=1467,Dario Marticio,,Accent marks follow Spanish accentuation rules. Caret mark indicates glottal stop at the end of the word.,Marticio-1-2017
1547,Bulalakawnon,bula1256,Bulalakaw,loc,Papunesia,,,Austronesian,R David Zorc,https://abvd.eva.mpg.de/austronesian/language.php?id=1547,Andrew Hsiu,,,Zorc2018
1548,Inonhan (Dispoholnon),disp1238,Dispoholnon,loc,Papunesia,,,Austronesian,"Summer Institute of Linguistics (unknown authors). 1966. Inonhan (Dispoholnon) available via Zorc, R. David. 1972. Unpublished field notes.",https://abvd.eva.mpg.de/austronesian/language.php?id=1548,Andrew Hsiu,,,Zorc2018
1549,Kamayo,kama1363,Kamayo,kyk,Papunesia,8.10796,126.314,Austronesian,"Summer Institute of Linguistics (unknown authors). 1966. Kamayo available via Zorc, R. David. 1972. Unpublished field notes.",https://abvd.eva.mpg.de/austronesian/language.php?id=1549,Andrew Hsiu,,,Zorc2018
1550,Caluyanun (Semirara),semi1263,Semirara,clu,Papunesia,,,Austronesian,"Summer Institute of Linguistics (unknown authors). 1966. Caluyanun (Semirara) available via Zorc, R. David. 1972. Unpublished field notes.",https://abvd.eva.mpg.de/austronesian/language.php?id=1550,Andrew Hsiu,,,Zorc2018
1551,Guiangan (Sirib),gian1241,Giangan,bgi,Papunesia,6.99967,125.359,Austronesian,"Summer Institute of Linguistics (unknown authors). 1966. Guiangan (Sirib) available via Zorc, R. David. 1972. Unpublished field notes.",https://abvd.eva.mpg.de/austronesian/language.php?id=1551,Andrew Hsiu,,,Zorc2018
1552,Guiangan (Baguio),gian1241,Giangan,bgi,Papunesia,6.99967,125.359,Austronesian,"Summer Institute of Linguistics (unknown authors). 1966. Guiangan (Baguio) available via Zorc, R. David. 1972. Unpublished field notes.",https://abvd.eva.mpg.de/austronesian/language.php?id=1552,Andrew Hsiu,,,Zorc1972
1553,Inati (Hamtic),atii1237,Ati,atk,Papunesia,11.1539,122.512,Austronesian,"Hsiu, Andrew. 2018. Inati word lists. m.s.",https://abvd.eva.mpg.de/austronesian/language.php?id=1553,Andrew Hsiu,,,Hsiu2018
1554,"Inati (Jordan, Guimaras)",atii1237,Ati,atk,Papunesia,11.1539,122.512,Austronesian,"Hsiu, Andrew. 2018. Inati word lists. m.s.",https://abvd.eva.mpg.de/austronesian/language.php?id=1554,Andrew Hsiu,,,Hsiu2018
1555,Tandaganon (Naturalis),natu1247,Naturalis,tgn,Papunesia,,,Austronesian,"Summer Institute of Linguistics (unknown authors). 1966. Tandaganon (Naturalis) available via Zorc, R. David. 1972. Unpublished field notes.",https://abvd.eva.mpg.de/austronesian/language.php?id=1555,Andrew Hsiu,,,Zorc1972
1569,Agutyanen,agut1237,Agutaynen,agn,Papunesia,10.5328,119.655,Austronesian,Caabay & Melvin (2018),https://abvd.eva.mpg.de/austronesian/language.php?id=1569,Andrew Hsiu,Andrew Hsiu,"Caabay, Marilyn A. and Melissa S. Melvin. 2018. ""Agutaynen - English
Dictionary."" Webonary.org. Linguistic Society of The Philippines.
https://agutaynen.webonary.org/",caabay2018a
1635,Inagta Alabat,alab1246,Alabat Island Agta,dul,Papunesia,14.1217,122.014,Austronesian,Lobel et al. 2020.,https://abvd.eva.mpg.de/austronesian/language.php?id=1635,Simon Greenhill,,"Lobel, Jason William, Amy Jugueta Alpay, Rosie Susutin Barreno, & Emelinda Jugueta Barreno. 2020. Notes from the Field: Inagta Alabat: A moribund Philippine language, with supporting audio. Language Documentation & Conservation 14: 1-57.",Lobel2020
1637,Surigaonon,suri1273,Surigaonon,sgd,Papunesia,9.0,126.0,Austronesian,Catharine Elizabeth Laude,https://abvd.eva.mpg.de/austronesian/language.php?id=1637,Catharine Laude,,,Laude2019
1638,Western Subanon,west2557,Western Subanon,suc,Papunesia,7.79964,122.341,Austronesian,Jernan Combi,https://abvd.eva.mpg.de/austronesian/language.php?id=1638,Jernan Combi,Simon Greenhill,,Combi2019
1641,Manide (Labo),cama1250,Camarines Norte Agta,abd,Papunesia,14.1571,122.835,Austronesian,Doroja (2017),https://abvd.eva.mpg.de/austronesian/language.php?id=1641,Simon Greenhill,,"Doroja, D. M. A. 2017. Amplifying Small Voices: A grammar sketch of Manide. Thesis.
May, 2017. Diliman, Quezon City.",Doroja2017
